seq,title,startDate,endDate,place,realmName,area,thumbnail,gpsX,gpsY
173550,CONTACT_온라인 마술 공연,20200804,20221231,라온플레이,기타,서울,http://www.culture.go.kr/upload/rdf/21/11/rdf_2021111915314538261.JPG,127.03248455338787,37.485929699207965
220056,MEDIA FOREST,20201120,20221231,여수엑스포컨벤션센터 엑스포홀,미술,,http://www.culture.go.kr/upload/rdf/22/08/show_202208251352118543.jpg,127.746500508793,34.7521895579434
173551,온라인 매직스쿨,20210104,20221231,용용아저씨,기타,경기,http://www.culture.go.kr/upload/rdf/21/11/rdf_2021111915342114116.JPG,126.88282408550978,37.43723945794846
170893,국립중앙도서관 「실감서재」,20210323,20221231,실감서재,미술,서울,http://www.culture.go.kr/upload/rdf/21/09/rdf_2021092715383338725.jpg,127.00322294340722,37.49742196534692
224348,작업의 정석,20210618,20221031,대학로 올래홀,연극,,http://www.culture.go.kr/upload/rdf/22/09/show_2022092315552209929.jpg,127.00354356455514,37.58159338390308
215093,원더풀랜드,20210817,20221231,고양 어린이박물관,미술,,http://www.culture.go.kr/upload/rdf/22/07/show_2022071418215968828.jpg,126.83094408232536,37.629477073898244
185859,S프로젝트_Connected Tunnel,20211221,20221231,소마미술관 2관,미술,서울,http://www.culture.go.kr/upload/rdf/22/05/show_2022053019251874498.JPG,127.118184522722,37.5168648654617
219781,[집밖] 이우환공간 상설전,20220101,20221231,이우환 공간,미술,,http://www.culture.go.kr/upload/rdf/22/08/show_2022082315161227864.png,129.13675088194222,35.16585027975353
210067,울진 국립해양과학관X홀라이트,20220101,20221231,국립해양과학관,기타,,http://www.culture.go.kr/upload/rdf/22/05/show_2022050918491851389.jpg,129.41012353886032,37.07274854245464
215092,도전! 어린이 건축가,20220101,20221231,경기도어린이박물관,미술,,http://www.culture.go.kr/upload/rdf/22/07/show_2022071418485865199.PNG,127.1096573598879,37.2673983419378
210595,오백에삼십,20220101,20221231,세우아트센터,연극,,http://www.culture.go.kr/upload/rdf/22/05/show_2022051817473674684.jpg,127.00399077460514,37.58194926210992
211664,700년의 시간여행-신안 도자기를 찾아서,20220101,20221231,국립광주박물관,미술,,http://www.culture.go.kr/upload/rdf/22/06/show_202206022172287898.jpg,126.88308334728756,35.18907896386975
203781,뮤지컬 환타,20220114,20221231,하마씨어터,기타,,http://www.culture.go.kr/upload/rdf/22/02/show_2022021410274348977.jpg,127.002771477,37.5822601398
226466,2호선 세입자,20220114,20221031,바탕골소극장,연극,,http://www.culture.go.kr/upload/rdf/22/10/show_20221011917545167.jpg,127.002581264,37.581860103
204681,"훈민정음, 천년의 문자 계획",20220121,20221231,국립한글박물관,미술,,http://www.culture.go.kr/upload/rdf/22/02/show_2022022813252555773.jpg,126.980486330158,37.5210687976885
203301,연극 옥탑방 고양이,20220201,20221231,대학로 틴틴홀,연극,,http://www.culture.go.kr/upload/rdf/22/02/show_20220211950037253.jpg,127.00356903821594,37.58160915052439
201764,2022 1-2월 토요국악동화,20220205,20221224,국립국악원 (풍류사랑방),기타,,http://www.culture.go.kr/upload/rdf/22/01/rdf_2022011221171549159.jpg,,
225461,[예술의전당] 박준&정밀아의 소소살롱,20220209,20221029,예술의전당 리사이틀홀,기타,,http://www.culture.go.kr/upload/rdf/22/10/show_2022100110192065530.jpg,127.01421162103271,37.48023893523679
202006,오르간 오딧세이 (2~12월),20220216,20221221,롯데콘서트홀,음악,,http://www.culture.go.kr/upload/rdf/22/01/rdf_2022011721173365566.jpg,127.10444609228385,37.51374709658873
202343,라움 마티네 콘서트,20220222,20221227,소셜베뉴 라움,음악,,http://www.culture.go.kr/upload/rdf/22/01/rdf_2022012321171402610.gif,127.03966494378629,37.50834454868528
202388,다담,20220223,20221130,국립국악원 우면당,국악,,http://www.culture.go.kr/upload/rdf/22/01/rdf_2022012421171544930.jpg,127.00953070026904,37.47832025574747
206833,2022 다담,20220223,20221130,국립국악원 우면당,국악,,http://www.culture.go.kr/upload/rdf/22/03/show_2022032913414373255.jpg,127.00953070026904,37.47832025574747
204025,늘근도둑이야기,20220305,20221231,아트포레스트 아트홀,연극,,http://www.culture.go.kr/upload/rdf/22/02/rdf_2022021610535279794.gif,127.002825828,37.5824799809
205396,토요마임극장,20220305,20221203,스튜디오QDA,연극,,http://www.culture.go.kr/upload/rdf/22/03/rdf_2022031121172335312.jpg,126.89650372213705,37.513973183553226
203648,"대전시립연정국악단, 토요국악",20220312,20221126,대전시립연정국악원,국악,,http://www.culture.go.kr/upload/rdf/22/02/rdf_2022021021172439381.gif,127.38918599920346,36.36637194278354
203929,요한복음,20220312,20221130,광야아트센터,기타,,http://www.culture.go.kr/upload/rdf/22/02/rdf_2022021421171294370.PNG,127.03963923307923,37.523886869505034
203222,[대전시립연정국악단] 상설공연 &#39;토요국악&#39;,20220312,20221126,대전시립연정국악원,국악,,http://www.culture.go.kr/upload/rdf/22/02/show_202202041441970613.jpg,127.38918599920346,36.36637194278354
205410,2022 라움 마티네 콘서트,20220329,20221227,소셜베뉴 라움,음악,,http://www.culture.go.kr/upload/rdf/22/03/show_2022031510475132933.jpg,127.03966494378629,37.50834454868528
205539,K-브런치콘서트: 우.아.한 [대전],20220330,20221130,대전시립연정국악원,국악,,http://www.culture.go.kr/upload/rdf/22/03/rdf_2022031521172117658.gif,127.38918599920346,36.36637194278354
205167,판소리 다섯마당: 오색유파전 [대전],20220331,20221124,대전시립연정국악원,국악,,http://www.culture.go.kr/upload/rdf/22/03/rdf_2022030721171571878.gif,127.38918599920346,36.36637194278354
220323,[집밖] 일본 불교조각의 세계,20220405,20231009,국립중앙박물관,미술,,http://www.culture.go.kr/upload/rdf/22/08/show_202208261436055929.jpg,126.98023689950804,37.524063058365286
206914,인피니티 플라잉 [경주],20220408,20221225,경주세계문화엑스포 문화센터 공연장,기타,,http://www.culture.go.kr/upload/rdf/22/03/rdf_2022032921172465668.jpg,129.2882209699952,35.83222410689562
220322,[집밖] 국립중앙박물관 2022년 괘불전 &#39;빛의 향연 - 예산 수덕사 괘불&#39;,20220413,20221016,국립중앙박물관,미술,,http://www.culture.go.kr/upload/rdf/22/08/show_2022082614321177354.jpg,126.98023689950804,37.524063058365286
220305,[집밖] 100년 전 미륵사 터와 석탑,20220413,20221003,국립익산박물관,미술,,http://www.culture.go.kr/upload/rdf/22/08/show_2022082615425772772.jpg,127.02872140937096,36.011567028717195
219791,[집밖] 나는미술관에OO하러간다,20220422,20221016,부산시립미술관,미술,,http://www.culture.go.kr/upload/rdf/22/08/show_2022082315333084368.png,129.13700898988827,35.16669730783406
220313,[집밖] 어린이박물관 상설전시 &lt;우리 이제 만나요&gt;,20220428,20230312,국립민속박물관 어린이박물관,기타,,http://www.culture.go.kr/upload/rdf/22/08/show_202208261693515800.jpg,126.97868191180861,37.58192487976414
225541,죽어야 사는 남자,20220501,20221031,업스테이지,연극,,http://www.culture.go.kr/upload/rdf/22/10/show_20221049103251196.jpg,127.0042793629603,37.5800977098826
208012,안산시립예술단과 함께하는 수수콘(수요일 수려한 콘서트),20220504,20221116,소극장 보노마루,기타,,http://www.culture.go.kr/upload/rdf/22/04/rdf_2022041321171134968.gif,126.86731224129522,37.30127634104645
209437,FUTURE FOOD · 혀가 느끼는 고민 展,20220518,20221231,셀린박갤러리,미술,,http://www.culture.go.kr/upload/rdf/22/04/show_2022042914264341038.jpg,,
218026,뮤직드라마 당신만이,20220527,20221231,JTN 아트홀,기타,,http://www.culture.go.kr/upload/rdf/22/08/show_202208101695063067.jpg,127.00392822814802,37.57663790460003
218024,The 경주 : 경주연대기,20220531,20231231,경주예술의전당 알천미술관,미술,,http://www.culture.go.kr/upload/rdf/22/08/show_202208101505351760.jpg,129.20616870893798,35.86264432385228
212963,판소리댄스컬 ‘몽연-서동의 꽃’ - 전주,20220603,20221125,전북예술회관,기타,,http://www.culture.go.kr/upload/rdf/22/06/show_2022062115463098784.png,127.1471089812502,35.81681567505259
221719,[집밖] 이상민 기증전,20220614,20221016,부산시립박물관,미술,,http://www.culture.go.kr/upload/rdf/22/09/show_20220921449331824.jpg,129.09402703659265,35.12959064470988
221959,"2022 정기기획전 - &#39;선비들의 출처, 나아감과 물러남&#39;",20220621,20230226,유교문화박물관,미술,,http://www.culture.go.kr/upload/rdf/22/09/show_2022090515314898765.jpg,128.81057752476224,36.70249910492739
213434,송암미술관 2022년 체험특별전 &#39; 문자 + 더하기 그림&#39;,20220628,20221127,송암미술관,미술,,http://www.culture.go.kr/upload/rdf/22/06/show_2022062812391583009.jpg,126.64225739986656,37.43441354349972
220354,[집밖] MMCA 과천프로젝트 2022 : 옥상정원 시간의 정원,20220629,20230625,국립현대미술관 과천관,기타,,http://www.culture.go.kr/upload/rdf/22/08/show_202208261793773188.jpg,127.02007201176697,37.431358136892186
217044,2시간탈출졸탄쇼,20220701,20221222,졸탄극장,연극,,http://www.culture.go.kr/upload/rdf/22/08/show_2022080311354213481.jpg,127.00463017931058,37.57789026124101
219901,지구의 시간,20220701,20221106,국립아시아문화전당,미술,,http://www.culture.go.kr/upload/rdf/22/08/show_2022082410262020295.jpg,126.92005723156174,35.14704938925195
213342,국립한글박물관 2022년 하반기 공연 일정,20220701,20221231,국립한글박물관,기타,,http://www.culture.go.kr/upload/rdf/22/07/show_202207219192642648.PNG,126.980486330158,37.5210687976885
225462,이풀실내정원 기획전시 &lt;ORGANIC SPECTRUM&gt;,20220705,20230303,이풀실내정원,미술,,http://www.culture.go.kr/upload/rdf/22/10/show_202210011048815388.jpg,126.88925893736125,37.31066967837199
220513,[집밖] 2022 신진미술인 전시지원 프로그램,20220706,20221120,SeMA 벙커,미술,,http://www.culture.go.kr/upload/rdf/22/08/show_202208291021555519.jpg,126.92398940698975,37.525328685627734
215590,프랑스 일러스트 원화전 클로에 페라르노의 오케스트라를 찾아라,20220712,20221010,북서울 꿈의숲아트센터,미술,,http://www.culture.go.kr/upload/rdf/22/07/show_2022072010193392447.jpg,127.03853560819006,37.62148751317226
215048,요리조리 MOKA Garden,20220714,20221030,MOKA가든,미술,,http://www.culture.go.kr/upload/rdf/22/07/show_2022071411402126915.png,127.15242127944973,37.61625523326071
213754,[현대어린이책미술관] 네모난 오아시스,20220714,20221120,현대어린이책미술관,미술,,http://www.culture.go.kr/upload/rdf/22/06/show_2022063010314763218.jpg,127.11208137802175,37.39278813783549
219796,[집밖] BMA부산미술소장품기획,20220715,20221016,부산시립미술관,미술,,http://www.culture.go.kr/upload/rdf/22/08/show_2022082315372790462.jpg,129.13700898988827,35.16669730783406
220294,"[집밖] 영원한 삶의 집, 아스타나 고분",20220716,20230715,국립중앙박물관,미술,,http://www.culture.go.kr/upload/rdf/22/08/show_202208261412263685.jpg,126.98023689950804,37.524063058365286
222633,바로크 백남준 展,20220720,20230124,백남준아트센터,미술,,http://www.culture.go.kr/upload/rdf/22/09/show_20220913156572683.jpg,127.11037318643987,37.26927634736376
214844,서울시립 남서울미술관 제12회 서울미디어시티비엔날레 사전프로그램 《정거장》,20220721,20221003,서울시립미술관 남서울생활미술관,미술,,http://www.culture.go.kr/upload/rdf/22/07/show_2022071217132075473.png,,
220488,[집밖] 제12회 서울미디어시티비엔날레 사전프로그램 &lt;정거장&gt;,20220721,20230129,서울시립미술관 남서울미술관,미술,,http://www.culture.go.kr/upload/rdf/22/08/show_2022082910262113333.jpg,126.97949210876725,37.4759852455232
220506,[집밖] 서도호와 아이들: 아트랜드,20220726,20230312,서울시립 북서울미술관,미술,,http://www.culture.go.kr/upload/rdf/22/08/show_202208299375092385.jpg,127.06680335608173,37.64089114205458
220521,[집밖] 호모 사피엔스 : 진화∞ 관계＆ 미래？,20220729,20221010,전곡선사박물관,미술,,http://www.culture.go.kr/upload/rdf/22/08/show_2022082910503388501.jpg,127.064075231723,38.01158650388957
220490,[집밖] 풀멍돌멍 첫번째 이야기- 이달의 소장품,20220729,20221010,전곡선사박물관,미술,,http://www.culture.go.kr/upload/rdf/22/08/show_2022082910353980528.jpg,127.064075231723,38.01158650388957
215761,컬쳐 팔레트 시즌2,20220730,20221126,동래문화회관대극장,음악,,http://www.culture.go.kr/upload/rdf/22/07/show_202207211140978373.jpg,129.09060100743284,35.211947753295945
217601,2022 Sea&Museum  바다와 미술관,20220809,20221030,이강하 미술관,미술,,http://www.culture.go.kr/upload/rdf/22/08/show_2022080616374174423.jpg,126.91562051289922,35.13688577785184
220347,[집밖] MMCA 이건희컬렉션 특별전 이중섭,20220812,20230423,국립현대미술관 서울관,미술,,http://www.culture.go.kr/upload/rdf/22/08/show_202208261646292689.jpg,126.98010361777375,37.578627490528596
220309,"[집밖] 한 여름밤, 신들의 꿈",20220817,20221011,국립민속박물관,미술,,http://www.culture.go.kr/upload/rdf/22/08/show_2022082615543495848.jpg,126.97897680126625,37.58002383589378
219783,[집밖] 각진원형:김용관,20220823,20230226,부산시립미술관,미술,,http://www.culture.go.kr/upload/rdf/22/08/show_2022082315251328388.jpg,129.13700898988827,35.16669730783406
220367,[집밖] 전시배달부,20220824,20230129,국립현대미술관 청주관,미술,,http://www.culture.go.kr/upload/rdf/22/08/show_202208261740416439.jpg,127.48991744317918,36.655449751334245
220365,[집밖] MMCA 청주프로젝트 2022 : 도시공명,20220824,20221127,국립현대미술관 청주관,미술,,http://www.culture.go.kr/upload/rdf/22/08/show_2022082617355939053.jpg,127.48991744317918,36.655449751334245
220279,[집밖] 2022 ACCxGB 지역-아시아 전시 &lt;쓰고도 달콤한&gt;,20220825,20221127,국립아시아문화전당 문화창조원,미술,,http://www.culture.go.kr/upload/rdf/22/08/show_2022082613333026397.jpg,126.92002336164621,35.14801833019346
210742,부산일러스트레이션페어vol.3,20220829,20221002,부산 벡스코(BEXCO),기타,,http://www.culture.go.kr/upload/rdf/22/05/show_202205191184387307.png,129.13625767092972,35.169229267930916
220519,"[집밖] 영원한 나르시시스트, 천경자-상시",20220829,20231231,서울시립미술관,미술,,http://www.culture.go.kr/upload/rdf/22/08/show_202208291017479291.jpg,126.97376336838333,37.564138249101916
219015,홍수연 개인전 《Drawn Elephant : 추상 抽象》,20220830,20221029,코리아나미술관,미술,,http://www.culture.go.kr/upload/rdf/22/08/show_202208172011184121.jpg,127.03276412436121,37.524123237468025
215283,서울시립미술관 《춤추는 낱말》,20220901,20221120,서울시립미술관,미술,,http://www.culture.go.kr/upload/rdf/22/07/show_2022071515502389049.jpg,126.97376336838333,37.564138249101916
220439,2022 전시공간 활성화 지원 사업 &lt;기다리는 방 : GREEN ROOM - 마음휴가 v.2022&gt;,20220901,20221010,평촌아트홀,미술,,http://www.culture.go.kr/upload/rdf/22/08/show_20220827142727845.jpg,126.96397633235504,37.37998717349257
222652,2022 ACC 미디어파사드 &lt;반디산책: 지구와 화해하는 발걸음&gt;,20220901,20221225,국립아시아문화전당,미술,,http://www.culture.go.kr/upload/rdf/22/09/show_2022091311494147847.jpg,126.92005723156174,35.14704938925195
220359,[집밖] 문신(文信) : 우주를 향하여,20220901,20230129,국립현대미술관 덕수궁관,미술,,http://www.culture.go.kr/upload/rdf/22/08/show_202208261727146608.jpg,126.97372877013612,37.565967263595226
220516,[집밖] 춤추는 낱말,20220901,20221120,서울시립미술관,미술,,http://www.culture.go.kr/upload/rdf/22/08/show_202208291092186294.jpg,126.97376336838333,37.564138249101916
220626,[소마미술관] 작가재조명전&lt;이만익-별을 그리는 마음&gt;,20220902,20230205,소마미술관 1관,미술,,http://www.culture.go.kr/upload/rdf/22/08/show_202208309405872429.jpg,127.115517876627,37.5203396980951
221722,[집밖] 소녀_잃어버린시간에관하여,20220902,20221002,소마미술관,미술,,http://www.culture.go.kr/upload/rdf/22/09/show_202209214581764203.jpg,127.1180129847118,37.51690134740682
221721,[집밖] 이만익-별을그리는마음,20220902,20230205,소마미술관,미술,,http://www.culture.go.kr/upload/rdf/22/09/show_202209214555819954.png,127.1180129847118,37.51690134740682
221720,[집밖] S프로젝트_커넥티드터널,20220902,20221231,소마미술관,미술,,http://www.culture.go.kr/upload/rdf/22/09/show_20220921453320003.jpg,127.1180129847118,37.51690134740682
220627,[소마미술관] Into Drawing 45 &lt;소녀_잃어버린 시간에 관하여&gt;,20220902,20221002,소마미술관 1관,미술,,http://www.culture.go.kr/upload/rdf/22/08/show_202208309491557365.jpg,127.115517876627,37.5203396980951
221516,2022 익산 미륵사지 세계유산 미디어아트 페스타,20220903,20221003,미륵사지,기타,,http://www.culture.go.kr/upload/rdf/22/09/show_202209011642267451.jpg,127.0287409015,36.01178782588561
220963,2022 토요국악동화 (9-10월),20220903,20221029,국립국악원 풍류사랑방,국악,,http://www.culture.go.kr/upload/rdf/22/08/show_2022083115105679274.jpg,127.00959559942853,37.47747104903903
222081,SOUL-다섯가지 시선,20220905,20221104,갤러리 봄(대구),미술,,http://www.culture.go.kr/upload/rdf/22/09/show_202209301312268681.jpg,128.56485903289402,35.954480343890516
219821,[집밖] 영원의 시작:ZERO,20220907,20221002,예술의전당(한가람디자인미술관),미술,,http://www.culture.go.kr/upload/rdf/22/08/show_2022082317511122084.jpg,127.014213883,37.480240737
220350,[집밖] MMCA 현대차 시리즈 2022: 최우람 - 작은 방주,20220909,20230226,국립현대미술관 서울관,미술,,http://www.culture.go.kr/upload/rdf/22/08/show_2022082616551980660.jpg,126.98010361777375,37.578627490528596
220539,[집밖] 다다익선 : 즐거운 협연,20220914,20230226,국립현대미술관 과천관,미술,,http://www.culture.go.kr/upload/rdf/22/08/show_202208301665782043.PNG,127.02007201176697,37.431358136892186
223525,[서울/혜화] 연극 &lt;외출&gt;,20220915,20221003,대학로 스카이씨어터,연극,,http://www.culture.go.kr/upload/rdf/22/09/show_2022091814552913091.jpg,127.00264923161491,37.5829809374114
221447,2022 토요명품 (9-10월),20220917,20221029,국립국악원 우면당,국악,,http://www.culture.go.kr/upload/rdf/22/09/show_202209111555445138.jpg,127.00953070026904,37.47832025574747
224461,"2022&#39; Gallery Jireh - 중견작가 그룹전 | &#39; 美에, 멋을 더하다 &#39;",20220917,20221023,갤러리 이레,미술,,http://www.culture.go.kr/upload/rdf/22/09/show_2022092513431740707.jpg,126.69897434079333,37.78740669180237
215677,숨숨정원,20220917,20221007,동래문화회관 전시실,기타,,http://www.culture.go.kr/upload/rdf/22/07/show_2022072110543360794.jpg,129.09053515512468,35.21194889084071
223542,"쉼 , 밤의 흔적 물의 위로",20220919,20221231,미디어 아트 갤러리 언더독뮤지엄,미술,,http://www.culture.go.kr/upload/rdf/22/09/show_202209181517218504.jpg,126.91796480476273,37.551647369620305
223642,2022년 한국의 명인명창 공연 &#39;가을 살롱&#39;,20220920,20221026,한국의집,무용,,http://www.culture.go.kr/upload/rdf/22/09/show_2022091915395595292.jpg,126.99470598044237,37.56019242796103
223774,업체eobchae 개인전 &lt;eoracle&gt;,20220921,20221019,두산갤러리,미술,,http://www.culture.go.kr/upload/rdf/22/09/show_202209201962609495.jpg,127.00118857756357,37.57164420037769
220840,[대학로] 연극 러브레터,20220923,20221023,JTN 아트홀,연극,,http://www.culture.go.kr/upload/rdf/22/08/show_2022083018232094067.jpg,127.00392822814802,37.57663790460003
221841,신촌문화발전소 창작과정지원 &lt;우리는 적당히 가까워&gt;,20220923,20221001,신촌문화발전소,연극,,http://www.culture.go.kr/upload/rdf/22/09/show_202209031413759048.jpg,126.939753537,37.5579611736
224278,Let’s DMZ &lt;DMZ 콘서트&gt;,20220924,20221002,파주임진각 평화누리공원,음악,,http://www.culture.go.kr/upload/rdf/22/09/show_2022092314232707489.jpg,126.74188054767788,37.89035216212023
226433,아트스페이스카고 개관 레퍼토리 두 번재 전시 &lt;섬의 일주 : 문명 박물관&gt;,20220927,20221021,아트스페이스카고,미술,,http://www.culture.go.kr/upload/rdf/22/10/show_20221010164364177.jpg,126.48881829564723,37.49274358393201
224864,치우침 없이,20220928,20221003,KCDF갤러리,미술,,http://www.culture.go.kr/upload/rdf/22/09/show_2022092811335674988.jpg,126.98411783877807,37.574003744874666
224865,"포근한 선, 누비",20220928,20221003,KCDF갤러리,미술,,http://www.culture.go.kr/upload/rdf/22/09/show_202209281141101862.jpg,126.98411783877807,37.574003744874666
224863,JADEJANG(옥장)의 탄생과 생명이야기,20220928,20221003,KCDF갤러리,미술,,http://www.culture.go.kr/upload/rdf/22/09/show_2022092811322621917.jpg,126.98411783877807,37.574003744874666
220949,호프만의 이야기,20220929,20221002,예술의전당 (오페라극장),기타,,http://www.culture.go.kr/upload/rdf/22/08/rdf_202208302118903457.jpg,,
224481,[아트센터 화이트블럭] 새로운 사물의 발견 Neue Deutsche Dinge,20220930,20221127,아트센터 화이트블럭,미술,,http://www.culture.go.kr/upload/rdf/22/09/show_202209252355612199.jpg,126.69939974903894,37.78888535046657
224941,박노해 사진전 &lt;아이들은 놀라워라&gt;,20220930,20231001,라 카페 갤러리,미술,,http://www.culture.go.kr/upload/rdf/22/09/show_2022092816442716747.jpg,126.97302219031108,37.579292820161356
221124,맨투맨,20220930,20221002,세종문화회관,무용,,http://www.culture.go.kr/upload/rdf/22/08/show_2022083116174071074.jpg,126.97584322994113,37.57271617146049
219525,2019년 한류문화대상 연극 〈뷰티풀라이프〉 - 제주,20220930,20221002,설문대여성문화센터,연극,,http://www.culture.go.kr/upload/rdf/22/08/show_2022082211442777076.jpg,126.500372693,33.4843969617
221129,케이필하모닉오케스트라의 슬기로운 음악생활,20221001,20221001,안산문화예술의전당,연극,,http://www.culture.go.kr/upload/rdf/22/08/show_2022083116251333849.JPG,126.82266447249432,37.32020715312146
221132,연극 &lt;능길삼촌&gt;,20221001,20221002,안산문화예술의전당,연극,,http://www.culture.go.kr/upload/rdf/22/08/show_2022083116274332255.jpg,126.82266447249432,37.32020715312146
221559,심청전을 짓다 [수원],20221001,20221001,경기아트센터,연극,,http://www.culture.go.kr/upload/rdf/22/09/rdf_202209012117770057.gif,127.0374319,37.2618899
223839,[야광명월(夜光明月)] 버드,20221001,20221001,서울돈화문국악당,국악,,http://www.culture.go.kr/upload/rdf/22/09/show_202209219504367840.png,126.99066047282316,37.577277306497805
221146,"&lt;淸, The Blue 바다를 열다&gt;",20221001,20221002,대학로예술극장 대극장,무용,,http://www.culture.go.kr/upload/rdf/22/09/show_2022091415225003253.png,127.0032379083877,37.58202586961631
224124,두두리야 어디갔니,20221001,20221003,TINC This is not a church,국악,,http://www.culture.go.kr/upload/rdf/22/09/show_202209221329433975.jpg,127.010847867221,37.5888301656148
225290,안티로망스,20221001,20221027,을지예술센터,미술,,http://www.culture.go.kr/upload/rdf/22/09/show_2022093013392065149.png,126.99658160314661,37.56773608903644
216925,M 소나타 시리즈 〈백건우 피아노 리사이틀〉,20221001,20221001,마포아트센터 아트홀맥,음악,,http://www.culture.go.kr/upload/rdf/22/08/show_2022080211484802452.jpg,126.94553370030141,37.54990185343695
224866,Everyday New Art Fair!,20221001,20221231,아트뮤제갤러리 롯데백화점 일산점,미술,,http://www.culture.go.kr/upload/rdf/22/09/show_2022092814475518180.jpg,126.77211662822754,37.660471015973805
226601,[소마미술관] 뒤뷔페전,20221001,20230131,소마미술관 2관,미술,,http://www.culture.go.kr/upload/rdf/22/10/show_202210111821045273.jpg,127.118184522722,37.5168648654617
224511,"영화관에서 즐기는오페라 동화 애니메이션, 로시니 세비야의 이발사",20221001,20221001,메가박스 해운대(장산),기타,,http://www.culture.go.kr/upload/rdf/22/09/show_202209261102538420.jpg,129.176917741083,35.17026455293508
223975,국립한글박물관 10월 문화행사 공연,20221001,20221031,국립한글박물관,기타,,http://www.culture.go.kr/upload/rdf/22/09/show_2022092113465307820.jpg,126.980486330158,37.5210687976885
221723,[집밖] 뒤뷔페 그리고 빌레글레,20221001,20230131,소마미술관,미술,,http://www.culture.go.kr/upload/rdf/22/09/show_2022092152984216.jpg,127.1180129847118,37.51690134740682
221574,왕국의 전설: 잃어버린 이야기,20221001,20221001,영도문화예술회관,연극,,http://www.culture.go.kr/upload/rdf/22/09/rdf_2022090121171021560.jpg,129.06604288073652,35.075654087478824
221560,신재민 귀국 피아노 독주회,20221001,20221001,예술의전당 IBK챔버홀,음악,,http://www.culture.go.kr/upload/rdf/22/09/rdf_202209012117738953.gif,127.01224985279421,37.47913541861038
221563,빨간모자와 늑대 [가평],20221001,20221001,가평문화예술회관,기타,,http://www.culture.go.kr/upload/rdf/22/09/rdf_202209012117891735.gif,127.50852446685303,37.82422744212448
222583,김현진 첼로 독주회,20221002,20221002,반석아트홀,음악,,http://www.culture.go.kr/upload/rdf/22/09/show_202209111652307816.png,127.07501379097002,37.200847033908936
222133,이진화 피아노 독주회,20221002,20221002,예술의전당 인춘아트홀,음악,,http://www.culture.go.kr/upload/rdf/22/09/show_202209061338878635.jpg,127.01421162103271,37.48023893523679
223840,[야광명월(夜光明月)] 모던판소리 공작소 촘촘,20221002,20221002,서울돈화문국악당,국악,,http://www.culture.go.kr/upload/rdf/22/09/show_202209219523687853.png,126.99066047282316,37.577277306497805
224121,포르테 디 콰트로 언플러그드 콘서트: 메타포닉,20221002,20221003,롯데 콘서트홀,음악,,http://www.culture.go.kr/upload/rdf/22/09/show_202209221133915197.jpg,127.10408400209059,37.51364830581288
223410,&lt;정희정&gt; 혜화동1번지 7기동인 2022 가을페스티벌,20221003,20221009,연극실험실 혜화동 1번지,연극,,http://www.culture.go.kr/upload/rdf/22/09/show_2022091615484204419.jpg,127.00135298112083,37.586382208611134
222375,ORIGINAL DEMO ver 브로콜리너마저,20221003,20221003,KT＆G 상상마당 춘천,음악,,http://www.culture.go.kr/upload/rdf/22/09/show_202209081451324486.png,127.7020859064706,37.873613038136774
222266,"[서초문화재단] 심산 영화관 ""레 미제라블(공연실황)""",20221004,20221004,반포심산아트홀,기타,,http://www.culture.go.kr/upload/rdf/22/09/show_2022090715401315594.jpg,126.990515657787,37.4988531475655
221414,"국립창극단 &lt;나무, 물고기, 달&gt;",20221004,20221012,국립극장 하늘극장,연극,,http://www.culture.go.kr/upload/rdf/22/09/show_202209110124617361.jpg,126.99960956530076,37.55288095146522
221081,세인트 조앤 Saint Joan,20221005,20221030,국립극단 명동예술극장,연극,,http://www.culture.go.kr/upload/rdf/22/08/show_202208311526092965.jpg,126.98421899400934,37.564031990077176
225730,길몸삶터 : 일상에서 누리는 널리 이로운 디자인,20221005,20221030,문화역서울284,미술,,http://www.culture.go.kr/upload/rdf/22/10/show_2022100510561123750.jpg,126.97158200040279,37.555893622397875
225711,오브젝;티브,20221005,20221010,KCDF갤러리,미술,,http://www.culture.go.kr/upload/rdf/22/10/show_202210051049181062.jpg,126.98411783877807,37.574003744874666
225043,인천 개항장 공예 박람회,20221005,20221013,인천광역시교육청평생학습관,미술,,http://www.culture.go.kr/upload/rdf/22/09/show_20220929936182995.jpg,126.67208557141,37.3983025881861
226758,전쟁과 평화 : 임진왜란에서 조선통신사의 길로,20221005,20221220,국립해양박물관,미술,,http://www.culture.go.kr/upload/rdf/22/10/show_2022101214285456925.jpg,129.080297742802,35.078629735078195
225727,The mutants_박송하 개인전,20221005,20221010,KCDF갤러리,미술,,http://www.culture.go.kr/upload/rdf/22/10/show_2022100510505255792.jpg,126.98411783877807,37.574003744874666
225061,GROUND :: Recollection Tools :: 식도구 재해석Ⅱ,20221005,20221013,인천광역시교육청평생학습관,미술,,http://www.culture.go.kr/upload/rdf/22/09/show_202209299341135701.jpg,126.67208557141,37.3983025881861
223773,나의 첫 번째 그림,20221005,20221010,갤러리M,미술,,http://www.culture.go.kr/upload/rdf/22/09/show_202209201864814149.png,126.98696218416918,37.573089583479145
219144,인어; 바다를 부른 여인,20221005,20221102,,연극,,http://www.culture.go.kr/upload/rdf/22/08/show_202208181604956805.jpg,,
221148,＜제22회 서울국제공연예술제＞,20221006,20221030,아르코예술극장 대극장,연극,,http://www.culture.go.kr/upload/rdf/22/08/show_2022083116495026233.jpg,127.00300012687864,37.58120371920143
221454,제5회 SDP국제 페스티벌,20221006,20221008,서강대 메리홀,무용,,http://www.culture.go.kr/upload/rdf/22/09/show_2022090114264353270.jpg,126.93953698758351,37.552128905575934
221453,괴물,20221006,20221030,문래예술공장 박스시어터,연극,,http://www.culture.go.kr/upload/rdf/22/09/show_202209011491691424.jpg,126.90015250286537,37.51325101634429
224331,진민욱 초대전  &lt;어제 걸은 길 The road that I walked yesterday&gt;,20221006,20221216,한원미술관,미술,,http://www.culture.go.kr/upload/rdf/22/09/show_2022092314545933138.jpg,127.01543015242063,37.48175473006915
223380,2022 광주국악방송 가을음악회 &lt;행복한 동행&gt;,20221006,20221006,빛고을시민문화관,국악,,http://www.culture.go.kr/upload/rdf/22/09/show_2022091615283604928.png,126.90864040041543,35.148071124384494
221095,연극  &lt;러브레터&gt;,20221006,20221113,예술의전당 자유소극장,연극,,http://www.culture.go.kr/upload/rdf/22/08/show_202208311655851888.jpg,127.01401071777656,37.479049627045676
220042,RABBIT: 잊혀진 암호명,20221006,20221016,예술나무씨어터,기타,,http://www.culture.go.kr/upload/rdf/22/08/show_202208251182568305.jpg,126.88413105725003,37.50010649666742
223541,한남韓男의 광시곡狂詩曲 (K-Men&#39;s Rhapsody),20221006,20221023,대학로 선돌극장,연극,,http://www.culture.go.kr/upload/rdf/22/09/show_202209181514845327.jpg,126.99977638877492,37.58684172252058
222581,동화 소리뮤지컬 &lt;이도&gt;,20221006,20221008,서울남산국악당,기타,,http://www.culture.go.kr/upload/rdf/22/09/show_2022091110523926435.jpg,126.99356581768194,37.55866743385107
223422,"2022 재즈 페스타_Fall in Jazz ""박한율 Quintet 콘서트""",20221006,20221006,반포심산아트홀,음악,,http://www.culture.go.kr/upload/rdf/22/09/show_2022091616231220056.jpg,126.990515657787,37.4988531475655
223923,[야광명월(夜光明月)] 삐리뿌,20221007,20221007,서울돈화문국악당,국악,,http://www.culture.go.kr/upload/rdf/22/09/show_202209219565271828.png,126.99066047282316,37.577277306497805
222650,[집밖] 마디와 매듭,20221007,20221008,국립아시아문화전당,연극,,http://www.culture.go.kr/upload/rdf/22/09/show_2022091310363373452.gif,126.92005723156174,35.14704938925195
221134,연극 &lt;짐승의 시간&gt;,20221007,20221008,안산문화예술의전당,연극,,http://www.culture.go.kr/upload/rdf/22/08/show_202208311631949960.jpg,126.82266447249432,37.32020715312146
225731,우리 함께 걸어요,20221007,20221014,문화역서울284,미술,,http://www.culture.go.kr/upload/rdf/22/10/show_2022100510575325932.jpg,126.97158200040279,37.555893622397875
221306,해리 포터와 아즈카반의 죄수™ 인 콘서트,20221007,20221009,세종문화회관 세종대극장,음악,,http://www.culture.go.kr/upload/rdf/22/09/show_20220919394624631.jpg,126.97618027601372,37.57184452723678
223214,2022 위그림책잔치 &lt;포개어 자라는 숲: 우리 사이의 그림책&gt;,20221007,20221016,인사아트센터,미술,,http://www.culture.go.kr/upload/rdf/22/09/show_2022091521201410010.jpeg,126.98460180735796,37.573846134901494
221745,"2022 국립무형유산원 인류무형유산 초청공연 Hola, Mariachi(올라, 마리아치)",20221007,20221008,국립무형유산원 얼쑤마루 대공연장,음악,,http://www.culture.go.kr/upload/rdf/22/09/show_2022090217295746181.jpg,127.15964874533887,35.80985996738142
222412,[광대생각] 연희극 &lt;북극곰 이야기&gt;,20221007,20221009,서울돈화문국악당,기타,,http://www.culture.go.kr/upload/rdf/22/09/show_202209081541125537.jpg,126.99066047282316,37.577277306497805
220493,가인 : 정의의 변호사,20221008,20221009,창동극장,기타,,http://www.culture.go.kr/upload/rdf/22/08/show_2022082913443322147.jpeg,127.05160637703321,37.65283229543465
220319,오리지널 가족뮤지컬 〈넌특별하단다〉 - 제주,20221008,20221009,제주대학교 한라아트홀,기타,,http://www.culture.go.kr/upload/rdf/22/08/show_2022082616412643214.jpg,126.47478728630732,33.47615114771952
224506,"햄릿, 쓸모 있는 인간",20221008,20221015,CKL스테이지,연극,,http://www.culture.go.kr/upload/rdf/22/09/show_2022092610412239528.jpg,126.98132877708232,37.568581598033994
221902,ALPI 알피 [광명],20221008,20221009,광명시민회관,기타,,http://www.culture.go.kr/upload/rdf/22/09/show_2022090510102801233.jpg,126.86483907083585,37.47909028202371
221307,김주원의 탱고발레 &lt;3 Minutes : Su tiempo&gt;,20221008,20221015,세종문화회관 S씨어터,무용,,http://www.culture.go.kr/upload/rdf/22/09/show_2022091942549864.jpg,126.9751753283643,37.57279036498726
223906,[야광명월(夜光明月)] 힐금,20221008,20221008,서울돈화문국악당,국악,,http://www.culture.go.kr/upload/rdf/22/09/show_20220921106872707.png,126.99066047282316,37.577277306497805
221089,피지컬 퍼포먼스 &lt;잠시 놀다&gt;_motivated by 구운몽,20221008,20221023,예술의전당 CJ토월극장,무용,,http://www.culture.go.kr/upload/rdf/22/08/show_202208311537034585.jpg,127.01389493797411,37.47961502404041
221169,경기클래식페스티벌,20221009,20221016,경기아트센터,음악,,http://www.culture.go.kr/upload/rdf/22/08/show_20220831179945352.jpg,127.0374319,37.2618899
223905,[야광명월(夜光明月)] 심풀,20221009,20221009,서울돈화문국악당,국악,,http://www.culture.go.kr/upload/rdf/22/09/show_202209211032132475.png,126.99066047282316,37.577277306497805
221068,마스터피스 시리즈 Ⅳ &lt;차이콥스키 교향곡 6번&gt;,20221009,20221009,경기아트센터,음악,,http://www.culture.go.kr/upload/rdf/22/08/show_202208311534292609.jpg,127.0374319,37.2618899
225301,대전 지역 명소 야외 무료 공연 &#39;청아청아 내딸청아&#39; (10/9),20221009,20221009,우암사적공원,연극,,http://www.culture.go.kr/upload/rdf/22/09/show_202209301223522303.jpg,,
226184,캄머오페라 페스티벌,20221010,20221014,경상오페라센터,기타,,http://www.culture.go.kr/upload/rdf/22/10/show_202210079404309586.jpg,128.1417021656784,35.21568667126037
225852,장한결 : 자화상,20221010,20221016,갤러리 지하,미술,,http://www.culture.go.kr/upload/rdf/22/10/show_2022100520304959506.png,126.93267494968443,37.55347218419314
221420,이머시브공연 &lt;금란방&gt; 창작가무극,20221011,20221113,국립정동극장,기타,,http://www.culture.go.kr/upload/rdf/22/09/show_202209113274295812.gif,126.97279499396676,37.56587019504471
222134,오스모 벤스케와 니콜라스 알트슈태트,20221011,20221011,롯데콘서트홀,음악,,http://www.culture.go.kr/upload/rdf/22/09/show_2022090613391766106.jpg,127.10444609228385,37.51374709658873
222419,대전시립연정국악단 풍류마당 [한밭풍류],20221011,20221011,대전시립연정국악원,국악,,http://www.culture.go.kr/upload/rdf/22/09/show_2022090817282680698.jpg,127.38918599920346,36.36637194278354
226362,공예로 떠나는 미국 여행,20221011,20221111,KCDF 아카이브 센터,미술,,http://www.culture.go.kr/upload/rdf/22/10/show_2022100817382470113.png,126.9841150077854,37.57400824946774
226295,DI．SSO．NANCE 디.소.나이스,20221012,20221012,과천시민회관 소극장,음악,,http://www.culture.go.kr/upload/rdf/22/10/show_202210071961246665.jpg,126.98928936946547,37.4280706442352
221084,&lt;백조의 호수&gt;,20221012,20221016,예술의전당,무용,,http://www.culture.go.kr/upload/rdf/22/08/show_2022083115301296400.jpg,127.01421162103271,37.48023893523679
222141,서울시향 우리동네 음악회 관현악,20221012,20221012,숭실대학교 한경직기념관,음악,,http://www.culture.go.kr/upload/rdf/22/09/show_2022090613555018498.jpg,126.95766735773965,37.49564845166409
226695,서로재 이야기 II,20221012,20221017,KCDF갤러리,미술,,http://www.culture.go.kr/upload/rdf/22/10/show_202210121142832076.jpg,126.98411783877807,37.574003744874666
226019,칸타타 레볼루션: 군포,20221012,20221012,군포문화예술회관,음악,,http://www.culture.go.kr/upload/rdf/22/10/show_2022100615145262333.png,126.92716375039257,37.36681526187572
223430,"2022 재즈 페스타_Fall in Jazz ""Convert to JAZZ with 양중은""",20221013,20221013,반포심산아트홀,음악,,http://www.culture.go.kr/upload/rdf/22/09/show_2022091616571346899.jpg,126.990515657787,37.4988531475655
225142,2022 빛고을융복합렉처콘서트 7회차 &#39;자연을 메타포한 예술&#39;,20221013,20221013,빛고을 아트스페이스,음악,,http://www.culture.go.kr/upload/rdf/22/09/show_2022092915441760251.png,126.90788886661521,35.14789929682744
225543,청년예술가 X 오케스트라 프로젝트 &lt;Colours Variations&gt;,20221013,20221014,성남아트리움 (구 성남시민회관),음악,,http://www.culture.go.kr/upload/rdf/22/10/show_202210041084669092.jpg,127.13905478253406,37.44498248842757
221314,국립국악관현악단 &lt;정오의 음악회 10월&gt;,20221013,20221013,국립극장 해오름극장,국악,,http://www.culture.go.kr/upload/rdf/22/09/show_202209110142200742.jpg,126.99972273658957,37.55239216032933
225062,과학축제 우주시민 페스티벌,20221014,20221015,인천 문학시어터,음악,,http://www.culture.go.kr/upload/rdf/22/09/show_2022092910412946997.jpg,126.686460617327,37.4365451636913
222997,국립극장 레퍼토리 시즌 &lt;한국의 소리 - 추억의 한국가곡&gt;,20221014,20221014,국립극장 해오름극장,음악,,http://www.culture.go.kr/upload/rdf/22/09/show_2022091511194334055.jpg,126.99972273658957,37.55239216032933
222136,김선욱의 차이콥스키 피아노 협주곡 1번,20221014,20221014,예술의전당,음악,,http://www.culture.go.kr/upload/rdf/22/09/show_2022090613421619989.jpg,127.01421162103271,37.48023893523679
221137,연극 &lt;어느아파트&gt;,20221014,20221015,안산문화예술의전당,연극,,http://www.culture.go.kr/upload/rdf/22/08/show_2022083116332462405.JPG,126.82266447249432,37.32020715312146
221310,일의 기쁨과 슬픔,20221014,20221030,세종문화회관 M씨어터,연극,,http://www.culture.go.kr/upload/rdf/22/09/show_2022091944146094.jpg,126.97569069325554,37.57184667992708
225851,공허와의 만남(Picture a Vacuum),20221014,20221015,국립아시아문화전당 예술극장,무용,,http://www.culture.go.kr/upload/rdf/22/10/show_202210051944742684.jpg,126.92000957565297,35.14808817658071
221110,국립합창단 레퍼토리 시즌〈한국의 사계-추억의 한국가곡〉,20221014,20221014,국립극장 해오름극장,음악,,http://www.culture.go.kr/upload/rdf/22/08/show_2022083115545102590.jpg,126.99972273658957,37.55239216032933
225544,바이올리니스트 조가현 X 피아니스트 김준희 듀오 리사이틀,20221014,20221014,예술의전당 IBK챔버홀,음악,,http://www.culture.go.kr/upload/rdf/22/10/show_20221004161780905.jpg,127.01224985279421,37.47913541861038
226696,[소마미술관] Into Drawing 46_김혜숙 전 : 《낱눈》,20221014,20221113,소마미술관 1관,미술,,http://www.culture.go.kr/upload/rdf/22/10/show_2022101212594433964.png,127.115517876627,37.5203396980951
225712,Mon Petit Voyage | 프렌치 재즈 싱어송라이터 엄주빈 콘서트,20221015,20221015,PMF자양스테이션,음악,,http://www.culture.go.kr/upload/rdf/22/10/show_202210051512573975.jpg,127.08302634367884,37.53463130540217
221417,국립극장 &lt;완창판소리&gt; 10월,20221015,20221015,국립극장 하늘극장,국악,,http://www.culture.go.kr/upload/rdf/22/09/show_202209110163398149.jpg,126.99960956530076,37.55288095146522
223288,"""제7회 M 클래식 축제"" M SQUARE 광장버스킹 〈#2. 오페라 파라디소〉",20221015,20221015,마포아트센터,음악,,http://www.culture.go.kr/upload/rdf/22/09/show_2022091611531531843.jpg,126.94553370030141,37.54990185343695
224263,10월 토요일은 삼각산청이좋아 &lt;우리동네 브라스&gt;,20221015,20221015,삼각산시민청,음악,,http://www.culture.go.kr/upload/rdf/22/09/show_2022092311195962974.jpg,127.01308915657297,37.656149462874296
221163,넌버벌 퍼포먼스 &lt;페인터즈&gt;,20221015,20221015,복사골문화센터 아트홀,기타,,http://www.culture.go.kr/upload/rdf/22/08/show_202208311752061016.jpg,126.754214739,37.4947840703
223499,아카펠라로 읽는 문학명작 &#39;그 여자네 집&#39; - 아카시아,20221015,20221015,인천수봉문화회관,기타,,http://www.culture.go.kr/upload/rdf/22/09/show_2022091714403711140.jpg,126.66232398474864,37.461552425977665
225944,10월 토요일은 삼각산청이좋아 &lt;우리동네 브라스&gt;,20221015,20221015,삼각산시민청,음악,,http://www.culture.go.kr/upload/rdf/22/10/show_202210061683170192.jpg,127.01308915657297,37.656149462874296
225561,레인보우 키즈 클래식 콘서트 [주황],20221015,20221015,청년창조발전소 3층 문화예술공연장,기타,,http://www.culture.go.kr/upload/rdf/22/10/show_2022100417422143422.jpg,129.100504968787,35.133065917817
223283,"""제7회 M 클래식 축제"" 마포나루 새우젓축제 폐막공연",20221016,20221016,상암 월드컵공원,음악,,http://www.culture.go.kr/upload/rdf/22/09/show_2022091611315823336.jpg,126.89790707231873,37.563196026796305
226755,2022 SOMA 공공미술프로젝트,20221017,20230531,올림픽공원,미술,,http://www.culture.go.kr/upload/rdf/22/10/show_202210121411098427.jpg,127.12062008706634,37.52029098916276
223548,초월(超越),20221018,20221023,국립극장 달오름극장,국악,,http://www.culture.go.kr/upload/rdf/22/09/rdf_2022091821183782950.jpg,127.00002263397805,37.55315350400875
225045,글씨다움展,20221019,20221027,인천광역시교육청평생학습관,미술,,http://www.culture.go.kr/upload/rdf/22/09/show_20220929939546278.jpg,126.67208557141,37.3983025881861
225044,신진(청년)작가 날개달다 2022展,20221019,20221027,인천광역시교육청평생학습관,미술,,http://www.culture.go.kr/upload/rdf/22/09/show_202209299373602569.jpg,126.67208557141,37.3983025881861
222100,스위스 취리히 유스 심포니 오케스트라 내한 공연,20221019,20221019,롯데 콘서트홀,음악,,http://www.culture.go.kr/upload/rdf/22/09/show_2022090611221637512.jpg,127.10408400209059,37.51364830581288
220537,우리집,20221019,20221023,후암스테이지,연극,,http://www.culture.go.kr/upload/rdf/22/08/show_202208291323870365.jpg,127.000418097935,37.5820587995429
224470,"피아니스트 박혜진, 2022 세실콘서트",20221019,20221019,세실아트홀,음악,,http://www.culture.go.kr/upload/rdf/22/09/show_202209252323150218.jpg,127.03183536674211,37.528132950782385
223431,"2022 재즈 페스타_Fall in Jazz ""고아라의 Jazz Pop 콘서트""",20221020,20221020,반포심산아트홀,음악,,http://www.culture.go.kr/upload/rdf/22/09/show_2022091616585052948.jpg,126.990515657787,37.4988531475655
220973,민속악단 정기공연 &lt;원작을 점고하다 - 신들린 상쇠 오마주&gt;,20221020,20221021,국립국악원 예악당,국악,,http://www.culture.go.kr/upload/rdf/22/08/show_2022083115183198900.jpg,127.00879575094741,37.47764455562692
221105,한국지역난방공사와 함께하는 2022 마티네콘서트(10월),20221020,20221020,성남아트센터 콘서트홀,음악,,http://www.culture.go.kr/upload/rdf/22/08/show_2022083115444297978.gif,127.13208262067572,37.40337701163565
224522,The Class+ 기타리스트 데이비드 러셀,20221020,20221020,신영체임버홀,음악,,http://www.culture.go.kr/upload/rdf/22/09/show_2022092611312515280.jpg,126.9288747015567,37.521295238027264
223287,"""제7회 M 클래식 축제"" 스페셜 콘서트 ­《어떤가요 #2》",20221020,20221020,마포아트센터 아트홀맥,음악,,http://www.culture.go.kr/upload/rdf/22/09/show_2022091611492581551.jpg,126.94553370030141,37.54990185343695
221311,감괘,20221021,20221022,세종문화회관 세종대극장,무용,,http://www.culture.go.kr/upload/rdf/22/09/show_20220919461627527.jpg,126.97618027601372,37.57184452723678
225809,The Class+ 디앙상블,20221021,20221021,신영체임버홀,음악,,http://www.culture.go.kr/upload/rdf/22/10/show_202210051636574907.jpg,126.9288747015567,37.521295238027264
221446,SAC Opera Gala,20221021,20221023,예술의전당 오페라극장,기타,,http://www.culture.go.kr/upload/rdf/22/09/show_20220911391430435.PNG,127.01382705490971,37.479355991842944
225547,&lt;부유한 극장&gt; 혜화동1번지 7기동인 2022 가을페스티벌,20221021,20221030,연극실험실 혜화동 1번지,연극,,http://www.culture.go.kr/upload/rdf/22/10/show_2022100417225774128.jpg,127.00135298112083,37.586382208611134
223907,[야광명월(夜光明月)] 첼로가야금,20221021,20221021,서울돈화문국악당,국악,,http://www.culture.go.kr/upload/rdf/22/09/show_202209211083200553.png,126.99066047282316,37.577277306497805
222276,2022 리스트 국제 피아노 콩쿠르 위너 인 서울,20221022,20221022,예술의전당 IBK챔버홀,음악,,http://www.culture.go.kr/upload/rdf/22/09/show_2022090716365132788.jpg,127.01224985279421,37.47913541861038
226701,2022 롯데장학재단과 함께하는 ‘제 7회 청춘열전 출사표’ 결선 경연 개최,20221022,20221022,고양아람누리 아람극장,국악,,http://www.culture.go.kr/upload/rdf/22/10/show_202210129574142612.jpg,126.77458960267445,37.66157496278576
226361,세 여인의 바로크와 고전이야기,20221022,20221022,성남아트리움 (구 성남시민회관),음악,,http://www.culture.go.kr/upload/rdf/22/10/show_2022100814183463491.jpg,127.13905478253406,37.44498248842757
223289,"""제7회 M 클래식 축제"" M SQUARE 광장버스킹 〈#3. 新 마당놀이〉",20221022,20221022,마포아트센터,음악,,http://www.culture.go.kr/upload/rdf/22/09/show_2022091611554288068.jpg,126.94553370030141,37.54990185343695
225141,피아노케 첫번째 콘서트 &lt;로미오와 줄리엣&gt;,20221022,20221022,대전 아트브릿지,음악,,http://www.culture.go.kr/upload/rdf/22/09/show_2022092915292958478.jpg,127.38256174,36.3659238264
223908,[야광명월(夜光明月)] 헤이스트링,20221022,20221022,서울돈화문국악당,국악,,http://www.culture.go.kr/upload/rdf/22/09/show_202209211011357542.png,126.99066047282316,37.577277306497805
225261,이마리솔 바이올린 독주회,20221022,20221022,예술의전당 리사이틀홀,음악,,http://www.culture.go.kr/upload/rdf/22/09/show_202209308551833050.jpg,127.01421162103271,37.48023893523679
225289,대전 지역 명소 야외 무료 공연 &#39;청아청아 내딸청아&#39; (10/22),20221022,20221022,대전예술의전당,연극,,http://www.culture.go.kr/upload/rdf/22/09/show_202209301281292397.jpg,127.38391077777076,36.36653770350843
223930,[야광명월(夜光明月)] 줄헤르츠,20221023,20221023,서울돈화문국악당,국악,,http://www.culture.go.kr/upload/rdf/22/09/show_202209211013895729.png,126.99066047282316,37.577277306497805
223284,"""제7회 M 클래식 축제"" 데이비드 러셀 기타 리사이틀",20221023,20221023,마포아트센터 아트홀맥,음악,,http://www.culture.go.kr/upload/rdf/22/09/show_2022091611354547147.jpg,126.94553370030141,37.54990185343695
225740,박찬호 바이올린 독주회,20221023,20221023,예술의전당 리사이틀홀,음악,,http://www.culture.go.kr/upload/rdf/22/10/show_2022100511554886641.jpg,127.01421162103271,37.48023893523679
223285,"""제7회 M 클래식 축제"" 박수예 바이올린 리사이틀",20221025,20221025,마포아트센터 아트홀맥,음악,,http://www.culture.go.kr/upload/rdf/22/09/show_2022091611382549724.jpg,126.94553370030141,37.54990185343695
225501,문화가있는날 열린소극장 &#39;My Jazz Story&#39;,20221026,20221026,빛고을 아트스페이스,음악,,http://www.culture.go.kr/upload/rdf/22/10/show_2022100315321871980.png,126.90788886661521,35.14789929682744
226383,&lt;문화가 있는 날&gt; 10월 문화산책,20221026,20221026,비오케이아트센터,음악,,http://www.culture.go.kr/upload/rdf/22/10/show_2022100915132724766.png,127.30326998956302,36.492355992753936
225545,&lt;2022 경기도 문화의 날 [안양아트인 데이]  창작극 인터뷰&gt; - 안양,20221026,20221026,안양아트센터,연극,,http://www.culture.go.kr/upload/rdf/22/10/show_2022100416244937588.png,126.931365106,37.3845877885
222964,햄릿광대 난장,20221026,20221030,대학로 선돌극장,연극,,http://www.culture.go.kr/upload/rdf/22/09/show_2022091421251187738.jpg,126.99977638877492,37.58684172252058
224125,"여행 에세이 토크 콘서트 ""서초에서 시작하는 여행""",20221026,20221026,반포심산아트홀,음악,,http://www.culture.go.kr/upload/rdf/22/09/show_2022092214443951997.jpg,126.990515657787,37.4988531475655
223286,"""제7회 M 클래식 축제"" 엠비언트 뮤직 콘서트 &lt;그대에게&gt;",20221026,20221026,마포아트센터 아트홀맥,음악,,http://www.culture.go.kr/upload/rdf/22/09/show_2022091611405668045.jpg,126.94553370030141,37.54990185343695
221139,피아니스트 윤한과 함께하는 아침음악살롱 &lt;Salon de Baby&gt;,20221026,20221026,안산문화예술의전당,음악,,http://www.culture.go.kr/upload/rdf/22/08/show_2022083116354592969.jpg,126.82266447249432,37.32020715312146
222654,안녕하신가영 단독콘서트 &lt;좋아하는 마음&gt;,20221026,20221026,하남문화예술회관,음악,,http://www.culture.go.kr/upload/rdf/22/09/show_202209131532883425.jpg,127.20754678304507,37.54462335733067
225713,대전시립합창단 제158회 정기연주회 &#39;회상回想... 그리고 그리움&#39;,20221027,20221027,대전예술의전당,음악,,http://www.culture.go.kr/upload/rdf/22/10/show_2022100515443799325.jpg,127.38391077777076,36.36653770350843
221312,이희문 쏭폼스토리즈 &lt;강남오아시스&gt;,20221027,20221106,세종문화회관 S씨어터,국악,,http://www.culture.go.kr/upload/rdf/22/09/show_20220919482610517.jpg,126.9751753283643,37.57279036498726
223433,"2022 재즈 페스타_Fall in Jazz ""U.BAR.E avec les amis""",20221027,20221027,반포심산아트홀,음악,,http://www.culture.go.kr/upload/rdf/22/09/show_20220916170627740.jpg,126.990515657787,37.4988531475655
221419,국립무용단 &lt;2022 무용극 호동&gt;,20221027,20221029,국립극장 해오름극장,무용,,http://www.culture.go.kr/upload/rdf/22/09/show_202209113281505917.gif,126.99972273658957,37.55239216032933
223909,[야광명월(夜光明月)] 원초적음악집단 이드,20221028,20221028,서울돈화문국악당,국악,,http://www.culture.go.kr/upload/rdf/22/09/show_202209211015883179.png,126.99066047282316,37.577277306497805
221449,전래동화음악극 &lt;호랑이와 곶감&gt;,20221028,20221029,복사골문화센터 판타지아극장,기타,,http://www.culture.go.kr/upload/rdf/22/09/show_202209113255036868.jpg,126.75432100539835,37.494965843837036
216943,마포아트센터 JAZZ REBOOT -VOCALIST - 김주환 밴드,20221028,20221028,마포아트센터 아트홀맥,음악,,http://www.culture.go.kr/upload/rdf/22/08/show_2022080213293347601.jpg,126.94553370030141,37.54990185343695
216617,"2022 카즈미 타테이시 트리오 내한 공연-지브리, 재즈를 만나다(창원)",20221028,20221028,성산아트홀,음악,,http://www.culture.go.kr/upload/rdf/22/07/show_2022072916135483030.jpg,128.6836738028174,35.23006724264102
226545,숙명여자대학교 성악과 오페라 정기공연 &lt;마술피리&gt;,20221028,20221029,구로아트밸리예술극장,기타,,http://www.culture.go.kr/upload/rdf/22/10/show_2022101116442303259.jpg,126.88883217035202,37.49669169666762
223934,[야광명월(夜光明月)] 메탈리즘,20221029,20221029,서울돈화문국악당,국악,,http://www.culture.go.kr/upload/rdf/22/09/show_2022092110164365444.png,126.99066047282316,37.577277306497805
223097,"""제7회 M 클래식 축제"" M SQUARE 광장버스킹 〈#4. 현악 사중주〉",20221029,20221029,마포아트센터,음악,,http://www.culture.go.kr/upload/rdf/22/09/show_2022091611574453743.jpg,126.94553370030141,37.54990185343695
226401,"오, 찰나!",20221029,20221102,어반플루토,미술,,http://www.culture.go.kr/upload/rdf/22/10/show_2022100823165429093.png,126.89400275559309,37.538822844729516
225783,아니무스 콰르텟 연주회,20221029,20221029,PMF자양스테이션,음악,,http://www.culture.go.kr/upload/rdf/22/10/show_2022100515155277598.jpg,127.08302634367884,37.53463130540217
216946,마포아트센터 JAZZ REBOOT -VOCALIST - 김민희 & Her Trio,20221029,20221029,마포아트센터 아트홀맥,음악,,http://www.culture.go.kr/upload/rdf/22/08/show_2022080213311955381.jpg,126.94553370030141,37.54990185343695
216953,마포아트센터 JAZZ REBOOT -VOCALIST - 이부영 콰르텟,20221029,20221029,마포아트센터 아트홀맥,음악,,http://www.culture.go.kr/upload/rdf/22/08/show_2022080213354336403.jpg,126.94553370030141,37.54990185343695
223960,김선주 피아노 독주회 XVII - Schubert Die letzte 3 Sonaten,20221030,20221030,강릉아트센터 사임당홀,음악,,http://www.culture.go.kr/upload/rdf/22/09/show_2022092116124267851.jpg,128.89544638642795,37.77222823350114
222277,유러피안 재즈 트리오 디즈니 VS 지브리,20221030,20221030,롯데콘서트홀,음악,,http://www.culture.go.kr/upload/rdf/22/09/show_2022090716401812685.jpg,127.10444609228385,37.51374709658873
225681,원진주 명창이 들려주는 김포 면면촌촌,20221030,20221030,김포아트홀,국악,,http://www.culture.go.kr/upload/rdf/22/10/show_2022100421263630183.png,126.72014532269485,37.61892300218952
216838,M 소나타 시리즈 〈김도현 피아노 리사이틀〉,20221030,20221030,마포아트센터 아트홀맥,음악,,http://www.culture.go.kr/upload/rdf/22/08/show_20220802134490953.jpg,126.94553370030141,37.54990185343695
216618,"2022 카즈미 타테이시 트리오 내한 공연-지브리, 재즈를 만나다(서울 광진)",20221030,20221030,나루아트센터,음악,,http://www.culture.go.kr/upload/rdf/22/07/show_202207291616525277.jpg,127.07043097641657,37.53779974779631
225946,2022 크랙샷 할로윈 콘서트 &#39;DANNY&#39;S HALLOKITTY&#39;,20221030,20221030,웨스트브릿지,음악,,http://www.culture.go.kr/upload/rdf/22/10/show_2022100618334502230.jpeg,126.92616183100131,37.553639480408734
223936,[야광명월(夜光明月)] 정가앙상블 소울지기,20221030,20221030,서울돈화문국악당,국악,,http://www.culture.go.kr/upload/rdf/22/09/show_2022092110182286117.png,126.99066047282316,37.577277306497805
225787,2022자양아티스트라운지 &lt;3 ROMANCES &gt;,20221102,20221109,PMF자양스테이션,음악,,http://www.culture.go.kr/upload/rdf/22/10/show_2022100515235887836.png,127.08302634367884,37.53463130540217
216619,"2022 카즈미 타테이시 트리오 내한 공연-지브리, 재즈를 만나다(서울 강남)",20221104,20221104,광림아트센터 장천홀,음악,,http://www.culture.go.kr/upload/rdf/22/07/show_2022072916175745536.jpg,127.02529492471325,37.52396289289387
223939,[야광명월(夜光明月)] 달음,20221104,20221104,서울돈화문국악당,국악,,http://www.culture.go.kr/upload/rdf/22/09/show_2022092110194260453.png,126.99066047282316,37.577277306497805
223943,[야광명월(夜光明月)] 그루브앤드,20221105,20221105,서울돈화문국악당,국악,,http://www.culture.go.kr/upload/rdf/22/09/show_2022092110244367822.png,126.99066047282316,37.577277306497805
222278,정한빈 피아노 리사이틀 - 친애하는 프란츠에게,20221105,20221105,예술의전당 IBK챔버홀,음악,,http://www.culture.go.kr/upload/rdf/22/09/show_2022090716423374580.jpg,127.01224985279421,37.47913541861038
216778,"2022 카즈미 타테이시 트리오 내한 공연-지브리, 재즈를 만나다(인천)",20221106,20221106,인천문화예술회관,음악,,http://www.culture.go.kr/upload/rdf/22/08/show_2022080114195023389.jpg,126.70013114193553,37.44784643535896
223910,[야광명월(夜光明月)] 월드뮤직그룹 공명,20221106,20221106,서울돈화문국악당,국악,,http://www.culture.go.kr/upload/rdf/22/09/show_2022092110255858768.png,126.99066047282316,37.577277306497805
223903,안드라스 쉬프 피아노 리사이틀,20221106,20221106,롯데 콘서트홀,음악,,http://www.culture.go.kr/upload/rdf/22/09/show_202209219571929104.jpg,127.10408400209059,37.51364830581288
226546,바리톤 문경재 귀국 독창회,20221106,20221106,영산아트홀,음악,,http://www.culture.go.kr/upload/rdf/22/10/show_2022101116482983863.jpg,126.92493268973102,37.529482906932756
217061,"2022 카즈미 타테이시 트리오 내한 공연-지브리, 재즈를 만나다(대구)",20221110,20221110,아양아트센터,음악,,http://www.culture.go.kr/upload/rdf/22/08/show_2022080311472968587.jpg,128.65188640443236,35.87960600030612
226680,부천필하모닉오케스트라 특별기획연주회: 콘체르토 vs 콘체르토,20221110,20221110,부천시민회관 대공연장,음악,,http://www.culture.go.kr/upload/rdf/22/10/show_2022101213285965047.jpg,126.77054266011916,37.48847293236566
223904,안드라스 쉬프 피아노 리사이틀 -  부산,20221110,20221110,부산문화회관 대극장,음악,,http://www.culture.go.kr/upload/rdf/22/09/show_202209219584127907.jpg,129.09343193239562,35.12723313326909
217219,"2022 카즈미 타테이시 트리오 내한 공연-지브리, 재즈를 만나다(광주)",20221111,20221111,518기념문화센터,음악,,http://www.culture.go.kr/upload/rdf/22/08/show_2022080413434758284.jpg,126.8574775579804,35.15836935757431
220531,경상필하모닉오케스트라 전국순회음악회 &lt;황혼에서의 판타지아&gt;,20221111,20221122,김해문화의전당,음악,,http://www.culture.go.kr/upload/rdf/22/08/show_2022082911553732725.jpg,128.8694031955553,35.24372870472139
226510,손미나의 인문학콘서트 with 조윤성,20221112,20221112,오류아트홀,음악,,http://www.culture.go.kr/upload/rdf/22/10/show_2022101114324629643.jpg,126.84602675226057,37.49535747522482
225935,2022 전통창작음악집단 4인놀이 콘서트 “Born Von 本 : 근본으로부터 태어나다”,20221112,20221112,용인문화예술원(마루홀),국악,,http://www.culture.go.kr/upload/rdf/22/10/show_202210069533811434.jpg,127.17921130572333,37.24061109275685
217757,"2022 카즈미 타테이시 트리오 내한 공연-지브리, 재즈를 만나다(천안)",20221113,20221113,천안예술의전당,음악,,http://www.culture.go.kr/upload/rdf/22/08/show_20220809914123736.jpg,127.2254122710195,36.75606837695557
217760,"2022 카즈미 타테이시 트리오 내한 공연-지브리, 재즈를 만나다(울산)",20221115,20221115,울산북구문화예술회관,음악,,http://www.culture.go.kr/upload/rdf/22/08/show_2022080913143013928.jpg,129.36140965663796,35.58135467860889
218286,"2022 카즈미 타테이시 트리오 내한 공연-지브리, 재즈를 만나다(서울 마포)",20221116,20221116,마포아트센터 아트홀맥,음악,,http://www.culture.go.kr/upload/rdf/22/08/show_2022081113472376014.jpg,126.94553370030141,37.54990185343695
218670,"2022 카즈미 타테이시 트리오 내한 공연-지브리, 재즈를 만나다(부산)",20221117,20221117,영화의 전당 하늘연극장,음악,,http://www.culture.go.kr/upload/rdf/22/08/show_2022081613252931888.jpg,129.12698202477836,35.171037154645404
225943,프랑수아 프레데리크 기의 베토벤 &#39;황제’,20221117,20221118,롯데콘서트홀,음악,,http://www.culture.go.kr/upload/rdf/22/10/show_202210061605435745.jpg,127.10444609228385,37.51374709658873
219350,"2022 카즈미 타테이시 트리오 내한 공연-지브리, 재즈를 만나다(성남)",20221119,20221119,성남아트센터 콘서트홀,음악,,http://www.culture.go.kr/upload/rdf/22/08/show_2022081916174153461.jpg,127.13208262067572,37.40337701163565
225180,이지원 바이올린 독주회,20221119,20221119,푸르지오 아트홀,음악,,http://www.culture.go.kr/upload/rdf/22/09/show_202209301039987407.jpg,126.99731740832708,37.566132335368636
222279,지브리 페스티벌,20221120,20221120,예술의전당 콘서트홀,음악,,http://www.culture.go.kr/upload/rdf/22/09/show_2022090716444054415.jpg,127.01190500393974,37.47900030246137
224530,피아니스트 김진석 베토벤 시리즈 5,20221120,20221120,예술의전당 IBK챔버홀,음악,,http://www.culture.go.kr/upload/rdf/22/09/show_2022092616462242228.jpg,127.01224985279421,37.47913541861038
224471,"첼리스트 문지형, 2022 세실콘서트",20221123,20221123,세실아트홀,음악,,http://www.culture.go.kr/upload/rdf/22/09/show_2022092523401998128.jpg,127.03183536674211,37.528132950782385
216839,M 소나타 시리즈 〈문지영 피아노 리사이틀〉,20221124,20221124,마포아트센터 아트홀맥,음악,,http://www.culture.go.kr/upload/rdf/22/08/show_20220802136311503.jpg,126.94553370030141,37.54990185343695
225821,2022 방방곡곡 문화공감 [크로키키 브라더스],20221126,20221126,평촌아트홀,기타,,http://www.culture.go.kr/upload/rdf/22/10/show_202210051742348403.jpg,126.96397633235504,37.37998717349257
222280,어벤져스 히어로즈 VS 빌런즈 영화음악 콘서트,20221126,20221126,예술의전당 콘서트홀,음악,,http://www.culture.go.kr/upload/rdf/22/09/show_2022090716463385070.jpg,127.01190500393974,37.47900030246137
225724,2022 서울시향 실내악 시리즈 VII: 슬라브,20221126,20221126,세종문화회관 체임버홀,음악,,http://www.culture.go.kr/upload/rdf/22/10/show_2022100510384103599.jpg,126.9757755378869,37.57201338146141
222237,[파가니니 탄생 240주년] 리스트와 쇼팽이 추억하는 파가니니,20221127,20221127,예술의전당 콘서트홀,음악,,http://www.culture.go.kr/upload/rdf/22/09/show_2022090716483493742.jpg,127.01190500393974,37.47900030246137
224942,이현진 피아노 독주회,20221127,20221127,예술의전당 인춘아트홀,음악,,http://www.culture.go.kr/upload/rdf/22/09/show_202209281744188442.jpg,127.01421162103271,37.48023893523679
217644,에릭 루 피아노 리사이틀,20221206,20221206,예술의전당 IBK챔버홀,음악,,http://www.culture.go.kr/upload/rdf/22/08/show_20220808933818428.jpg,127.01224985279421,37.47913541861038
222996,케이트 리우 피아노 리사이틀,20221210,20221210,예술의전당 IBK챔버홀,음악,,http://www.culture.go.kr/upload/rdf/22/09/show_202209151053685799.jpg,127.01224985279421,37.47913541861038
224943,오마주 투 쇼팽,20221211,20221211,예술의전당 콘서트홀,음악,,http://www.culture.go.kr/upload/rdf/22/09/show_2022092817453699030.jpg,127.01190500393974,37.47900030246137
222657,"2022 카즈미 타테이시 트리오 내한 공연-크리스마스, 재즈를 만나다-",20221213,20221213,세종문화회관 M씨어터,음악,,http://www.culture.go.kr/upload/rdf/22/09/show_202209131745645951.jpg,126.97569069325554,37.57184667992708
